abrasives; Abrasives  
aerospace-defence; Aerospace Defence; 
agriculture; Agriculture; 
air-conditioners; Air Conditioners; 
airlines; Airlines; 
aluminium-aluminium-products; Aluminium Aluminium Products; 
amusement-parksrecreationclub Amusement Parks/Recreation/Club; 
aquaculture; Aquaculture; 
auto-ancillaries; Auto Ancillaries; 
auto-ancillaries-air-conditioning-parts Auto Ancillaries - Air Conditioning Parts; 
auto-ancillaries-auto-truck-motorcycle-parts; Auto Ancillaries - Auto, Truck  Motorcycle Parts; 
auto-ancillaries-axle-shafts; Auto Ancillaries - Axle shafts; 
auto-ancillaries-bearings; Auto Ancillaries - Bearings; 
auto-ancillaries-brakes; Auto Ancillaries - Brakes; 
auto-ancillaries-bus-body; Auto Ancillaries - Bus Body; 
auto-ancillaries-castingsforgings; Auto Ancillaries - Castings/Forgings; 
auto-ancillaries-clutches; Auto Ancillaries - Clutches; 
auto-ancillaries-diesel-engines; Auto Ancillaries - Diesel Engines; 
auto-ancillaries-engine-parts; Auto Ancillaries - Engine Parts; 
auto-ancillaries-gears; Auto Ancillaries - Gears; 
auto-ancillaries-head-lamps-lights; Auto Ancillaries - Head lamps  lights; 
auto-ancillaries-others; Auto Ancillaries - Others; 
auto-ancillaries-pistons; Auto Ancillaries - Pistons; 
auto-ancillaries-seating-covers-parts; Auto Ancillaries - Seating covers  parts; 
auto-ancillaries-sheet-metals; Auto Ancillaries - Sheet Metals; 
auto-ancillaries-shock-absorbers; Auto Ancillaries - Shock absorbers; 
auto-ancillaries-spare-parts-accessories; Auto Ancillaries - Spare Parts  Accessories; 
auto-ancillaries-springs; Auto Ancillaries - Springs; 
auto-ancillaries-tyres-rubber-products; Auto Ancillaries - Tyres  Rubber Products; 
auto-ancillaries-wheels; Auto Ancillaries - Wheels; 
auto-ancillary; Auto Ancillary; 
automobile-2-3-wheelers; Automobile - 2  3 Wheelers; 
automobile-auto-truck-manufacturers; Automobile - Auto  Truck Manufacturers; 
automobile-dealers-distributors; Automobile - Dealers  Distributors; 
automobile-lcvs-hvcs; Automobile - LCVS/ HVCS; 
automobile-passenger-cars; Automobile - Passenger Cars; 
automobile-tractors; Automobile - Tractors; 
automobile-truckslcvs; Automobile - Trucks/LCVs; 
bank-private; Bank - Private; 
bank-public; Bank - Public; 
batteries; Batteries; 
beverages; Beverages; 
biotechnology-medical-research; Biotechnology  Medical Research; 
bpoites; BPO/ITeS; 
breweries-distilleries; Breweries  Distilleries; 
cable-d2h; Cable  D2H; cables; Cables; 
carbon-black; Carbon Black; 
cement; Cement; 
ceramicsmarblegranitesanitaryware; Ceramics/Marble/Granite/Sanitaryware; 
chemicals; Chemicals; 
cigarettestobacco; Cigarettes/Tobacco; 
coal; Coal; 
commodity-chemicals; Commodity Chemicals; 
compressors-pumps; Compressors / Pumps; 
computer-peripherals; Computer Peripherals; 
construction-infrastructure; Construction - Infrastructure; 
construction-real-estate; Construction - Real Estate; 
construction-residential-commercial-complexes; Construction - Residential  Commercial Complexes; 
consumer-food; Consumer Food; 
containers-packaging; Containers  Packaging; 
courier-services; Courier Services; 
cycles; Cycles; 
defence; Defence; 
detergents-soaps; Detergents  Soaps; 
diamond-jewellery; Diamond  ; Jewellery; 
diversified; Diversified; 
diversified-chemicals; Diversified Chemicals; 
domestic-appliances; Domestic Appliances; 
dyes-pigments; Dyes  Pigments; 
educational-institutions; Educational Institutions; 
electric-equipment; Electric Equipment; 
electric-equipment-boilers-turbines; Electric Equipment - Boilers / Turbines; 
electric-equipment-switchgears; Electric Equipment - Switchgears; 
electric-equipment-transformers; Electric Equipment - Transformers; 
electrodes-electrical-equipments; Electrodes  Electrical Equipments; 
electrodes-welding-equipment; Electrodes  Welding Equipment; 
electronic-goods; Electronic Goods; 
electronics-components; Electronics - Components; 
engineering; Engineering; 
engineering-construction; Engineering  Construction; 
engineering-construction; Engineering - Construction; 
engineering-industrial-equipments; Engineering - Industrial Equipments; 
etf; ETF; 
fasteners; Fasteners; 
ferro-manganese; Ferro Manganese; 
fertilizers; Fertilizers; 
film-production-distribution-entertainment; Film Production, Distribution  Entertainment; 
finance-housing; Finance - Housing; 
finance-investment; Finance - Investment; 
finance-nbfc; Finance - NBFC; 
finance-others; Finance - Others; 
finance-stock-broking; Finance - Stock Broking; 
finance-term-lending; Finance Term Lending; 
fishpoultry-meat-products; Fish/Poultry  Meat Products; 
food-drug-retailing; Food  Drug Retailing; 
food-processing; Food Processing; 
footwear; Footwear; 
gas-distribution; Gas Distribution; 
glass-glass-products; Glass  Glass Products; 
gold; Gold; 
gold-etf; Gold ETF; 
ground-freight-logistics-services; Ground Freight  Logistics Services; 
hospital-healthcare-services; Hospital  Healthcare Services; 
hotel-resort-restaurants; Hotel, Resort  Restaurants; 
household-personal-products; Household  Personal Products; 
infrastructure; Infrastructure; 
iron-steel; Iron  Steel; 
it-education; IT - Education; 
it-networking; IT - Networking; 
it-services-consulting; IT Services  Consulting; 
labs-life-sciences-services; Labs  Life Sciences Services; 
laminatesdecoratives; Laminates/Decoratives; 
leather; Leather; 
leisure-services; Leisure Services; 
life-health-insurance; Life  Health Insurance; 
logistics; Logistics; 
lpg; LPG; 
lubricants; Lubricants; 
media; Media; 
medical-equipmentsuppliesaccessories; Medical Equipment/Supplies/Accessories; 
metals-mining; Metals  Mining; 
metals-castingsforgings; Metals - Castings/Forgings; 
metals-non-ferrous; Metals - Non Ferrous; 
misc-commercial-services; Misc. Commercial Services; 
miscellaneous; Miscellaneous; 
multiline-insurance-brokers; Multiline Insurance  Brokers; 
oil-exploration-and-production; Oil Exploration and Production; 
online-services; Online Services; 
other-agriculture-products; other agriculture products; 
other-construction-materials; Other Construction Materials; 
others-industrial-gases-fuels; Others-Industrial Gases  Fuels; 
others-manufacturing; Others-Manufacturing; 
packaging-films; Packaging - Films; 
packaging-packaging-materials; Packaging - Packaging Materials; 
packaging-polyfilms; Packaging - Polyfilms; 
packaging-sacks-and-bags; Packaging - Sacks and Bags; 
packaging-materials-containers-packaging; Packaging Materials-Containers  Packaging; 
packaging-materials-plastic-products; Packaging Materials-Plastic Products; 
paints; Paints; 
paper-forest-products; Paper  Forest Products; 
paper-paper-products; Paper  Paper Products; 
pesticides-agrochemicals; Pesticides  Agrochemicals; 
pharmaceuticals-drugs; Pharmaceuticals  Drugs; 
photographic-products; Photographic Products; 
plastic-products; Plastic Products; 
plastic-products-others; Plastic Products - Others; 
plastics-moulded-articles-and-furnitures; Plastics - Moulded Articles and Furnitures; 
plastics-pet-bottels-jars-containers; Plastics - Pet Bottels, Jars  Containers; 
plastics-self-adhesive-tapes; Plastics - Self Adhesive Tapes; 
plastics-thermoplastics; Plastics - Thermoplastics; 
plastics-tubespipeshoses-fittings; Plastics - Tubes/Pipes/Hoses  Fittings; 
ports; Ports; 
power-generationdistribution; Power Generation/Distribution; 
printing-publishing; Printing  Publishing; 
printing-stationery; Printing  Stationery; 
printing-and-publishing; Printing And Publishing; 
railways-wagons; Railways Wagons; 
ratings; Ratings; 
real-estate-operations; Real Estate Operations; 
real-estate-rental-development-operations; Real Estate Rental, Development  Operations; 
refineries; Refineries; 
refractories; Refractories; 
reinsurance; Reinsurance; 
renewables; Renewables; 
retailing; Retailing; 
rubber-products; Rubber Products; 
ship-building; Ship Building; 
shipping; Shipping; 
software; Software; 
solvent-extraction; Solvent Extraction; 
speciality-chemicals; Speciality Chemicals; 
speciality-retailers; Speciality Retailers; 
specialty-mining-metals; Specialty Mining  Metals; 
sugar; Sugar; 
teacoffee; Tea/Coffee; 
telecommunication-equipment; Telecommunication - Equipment; 
telecommunication-service-provider; Telecommunication - Service Provider; 
telecommunications-services; Telecommunications Services; 
textile-machinery; Textile - Machinery; 
textile-spinning; Textile - Spinning; 
textiles; Textiles; 
textiles-apparel; Textiles  Apparel; 
trading; Trading; 
transmission-towers-equipments; Transmission Towers / Equipments; 
transport-infrastructure; Transport Infrastructure; 
travel-services; Travel Services; 
tv-broadcasting-software-production; TV Broadcasting  Software Production; 
vegetable-oils-products; Vegetable Oils  Products; 
watches-accessories; Watches  Accessories; 
wood-wood-products; Wood  Wood Products; 			
